{
  "overall": {
    "precision": 0.7721662772461734,
    "recall": 0.6105263157894737,
    "f1": 0.666188680061979,
    "num_samples": 210.0
  },
  "class": {
    "attention": {
      "precision": 0.7692307692307693,
      "recall": 0.5263157894736842,
      "f1": 0.625,
      "num_samples": 19.0
    },
    "autoencoders": {
      "precision": 1.0,
      "recall": 0.3333333333333333,
      "f1": 0.5,
      "num_samples": 6.0
    },
    "computer-vision": {
      "precision": 0.65,
      "recall": 0.6724137931034483,
      "f1": 0.6610169491525424,
      "num_samples": 58.0
    },
    "convolutional-neural-networks": {
      "precision": 0.5,
      "recall": 0.25,
      "f1": 0.3333333333333333,
      "num_samples": 16.0
    },
    "data-augmentation": {
      "precision": 1.0,
      "recall": 0.6666666666666666,
      "f1": 0.8,
      "num_samples": 6.0
    },
    "embeddings": {
      "precision": 0.9,
      "recall": 0.8181818181818182,
      "f1": 0.8571428571428572,
      "num_samples": 11.0
    },
    "flask": {
      "precision": 1.0,
      "recall": 0.2,
      "f1": 0.33333333333333337,
      "num_samples": 5.0
    },
    "generative-adversarial-networks": {
      "precision": 0.875,
      "recall": 0.5833333333333334,
      "f1": 0.7000000000000001,
      "num_samples": 12.0
    },
    "graph-neural-networks": {
      "precision": 0.625,
      "recall": 0.5555555555555556,
      "f1": 0.5882352941176471,
      "num_samples": 9.0
    },
    "graphs": {
      "precision": 0.8571428571428571,
      "recall": 1.0,
      "f1": 0.923076923076923,
      "num_samples": 12.0
    },
    "huggingface": {
      "precision": 0.8571428571428571,
      "recall": 0.5,
      "f1": 0.631578947368421,
      "num_samples": 12.0
    },
    "image-classification": {
      "precision": 0.0,
      "recall": 0.0,
      "f1": 0.0,
      "num_samples": 5.0
    },
    "interpretability": {
      "precision": 0.8,
      "recall": 0.4444444444444444,
      "f1": 0.5714285714285714,
      "num_samples": 9.0
    },
    "keras": {
      "precision": 1.0,
      "recall": 0.5,
      "f1": 0.6666666666666666,
      "num_samples": 14.0
    },
    "language-modeling": {
      "precision": 0.7,
      "recall": 0.7,
      "f1": 0.7,
      "num_samples": 10.0
    },
    "natural-language-processing": {
      "precision": 0.6764705882352942,
      "recall": 0.7301587301587301,
      "f1": 0.7022900763358779,
      "num_samples": 63.0
    },
    "node-classification": {
      "precision": 0.5,
      "recall": 0.6666666666666666,
      "f1": 0.5714285714285715,
      "num_samples": 3.0
    },
    "object-detection": {
      "precision": 0.8,
      "recall": 0.7272727272727273,
      "f1": 0.761904761904762,
      "num_samples": 11.0
    },
    "pretraining": {
      "precision": 0.0,
      "recall": 0.0,
      "f1": 0.0,
      "num_samples": 4.0
    },
    "production": {
      "precision": 0.8333333333333334,
      "recall": 0.7142857142857143,
      "f1": 0.7692307692307692,
      "num_samples": 7.0
    },
    "pytorch": {
      "precision": 0.8709677419354839,
      "recall": 0.7105263157894737,
      "f1": 0.782608695652174,
      "num_samples": 38.0
    },
    "question-answering": {
      "precision": 1.0,
      "recall": 0.3333333333333333,
      "f1": 0.5,
      "num_samples": 3.0
    },
    "regression": {
      "precision": 0.6,
      "recall": 0.42857142857142855,
      "f1": 0.5,
      "num_samples": 7.0
    },
    "reinforcement-learning": {
      "precision": 1.0,
      "recall": 0.6666666666666666,
      "f1": 0.8,
      "num_samples": 9.0
    },
    "representation-learning": {
      "precision": 0.8571428571428571,
      "recall": 0.6666666666666666,
      "f1": 0.75,
      "num_samples": 9.0
    },
    "scikit-learn": {
      "precision": 1.0,
      "recall": 0.3333333333333333,
      "f1": 0.5,
      "num_samples": 9.0
    },
    "segmentation": {
      "precision": 0.8,
      "recall": 0.4444444444444444,
      "f1": 0.5714285714285714,
      "num_samples": 9.0
    },
    "self-supervised-learning": {
      "precision": 0.8333333333333334,
      "recall": 0.7142857142857143,
      "f1": 0.7692307692307692,
      "num_samples": 7.0
    },
    "tensorflow": {
      "precision": 0.9166666666666666,
      "recall": 0.6875,
      "f1": 0.7857142857142857,
      "num_samples": 32.0
    },
    "tensorflow-js": {
      "precision": 1.0,
      "recall": 0.42857142857142855,
      "f1": 0.6,
      "num_samples": 7.0
    },
    "time-series": {
      "precision": 1.0,
      "recall": 0.8,
      "f1": 0.888888888888889,
      "num_samples": 5.0
    },
    "transfer-learning": {
      "precision": 1.0,
      "recall": 0.6666666666666666,
      "f1": 0.8,
      "num_samples": 6.0
    },
    "transformers": {
      "precision": 0.8846153846153846,
      "recall": 0.7666666666666667,
      "f1": 0.8214285714285715,
      "num_samples": 30.0
    },
    "unsupervised-learning": {
      "precision": 0.5,
      "recall": 0.16666666666666666,
      "f1": 0.25,
      "num_samples": 6.0
    },
    "wandb": {
      "precision": 0.0,
      "recall": 0.0,
      "f1": 0.0,
      "num_samples": 6.0
    }
  },
  "slices": {
    "class": {
      "cv_transformers": {
        "precision": 0.8,
        "recall": 0.5454545454545454,
        "f1": 0.6486486486486486,
        "num_samples": 6
      },
      "short_text": {
        "precision": 0.7142857142857143,
        "recall": 0.5,
        "f1": 0.588235294117647,
        "num_samples": 5
      }
    },
    "overall": {
      "precision": 0.7610389610389611,
      "recall": 0.5247933884297521,
      "f1": 0.6211880329527386
    }
  }
}